7.851960754394531250e+01,1.404821586608886719e+01,-3.671761751174926758e+00,2.950733900070190430e+00,3.128762245178222656e+00
1.108924179077148438e+02,1.984014701843261719e+01,-4.236391067504882812e+00,2.835877656936645508e+00,3.128762245178222656e+00
1.260100784301757812e+02,2.277068519592285156e+01,-2.977188587188720703e+00,2.840669631958007812e+00,3.130595207214355469e+00
1.506048278808593750e+02,2.694523239135742188e+01,-3.686455011367797852e+00,2.747965574264526367e+00,3.130595207214355469e+00
1.725059204101562500e+02,3.117272949218750000e+01,-5.981912612915039062e+00,2.688099145889282227e+00,3.130595207214355469e+00
1.888408355712890625e+02,3.412453460693359375e+01,-4.095158576965332031e+00,2.653058052062988281e+00,3.128762245178222656e+00
2.066829528808593750e+02,3.734870147705078125e+01,1.415286660194396973e-01,2.596791267395019531e+00,3.130595207214355469e+00
2.342276153564453125e+02,4.190647125244140625e+01,3.561933994293212891e+00,2.490644454956054688e+00,3.130595207214355469e+00
2.510415649414062500e+02,4.581463241577148438e+01,7.469974040985107422e+00,2.398927450180053711e+00,3.128762245178222656e+00
2.663916015625000000e+02,4.861598968505859375e+01,7.403025627136230469e+00,2.329529047012329102e+00,3.126929283142089844e+00
2.837829284667968750e+02,5.026441574096679688e+01,1.068443012237548828e+01,2.228161096572875977e+00,3.128762245178222656e+00
2.968493652343750000e+02,5.257878112792968750e+01,6.462136745452880859e+00,2.151711463928222656e+00,3.128762245178222656e+00
3.099375915527343750e+02,5.489700317382812500e+01,-1.864453405141830444e-01,2.066268444061279297e+00,3.128762245178222656e+00
3.207584838867187500e+02,5.796275329589843750e+01,3.750624895095825195e+00,1.953823804855346680e+00,3.130595207214355469e+00
6.315215301513671875e+01,1.141192722320556641e+01,7.921120166778564453e+00,3.040989398956298828e+00,3.134260892868041992e+00
8.731373596191406250e+01,1.562160301208496094e+01,7.170066833496093750e+00,2.951351642608642578e+00,3.134260892868041992e+00
1.109309921264648438e+02,2.024470710754394531e+01,7.425042152404785156e+00,2.859876632690429688e+00,3.128762245178222656e+00
1.422040863037109375e+02,2.544222640991210938e+01,9.076481819152832031e+00,2.752415895462036133e+00,3.128762245178222656e+00
1.658744354248046875e+02,2.967716979980468750e+01,9.197293281555175781e+00,2.664971351623535156e+00,3.128762245178222656e+00
1.941265106201171875e+02,3.507968521118164062e+01,1.037727355957031250e+01,2.566610097885131836e+00,3.128762245178222656e+00
2.190355377197265625e+02,3.958087539672851562e+01,1.327037143707275391e+01,2.475302696228027344e+00,3.128762245178222656e+00
2.454289245605468750e+02,4.391053771972656250e+01,1.553081417083740234e+01,2.368485450744628906e+00,3.128762245178222656e+00
2.738045959472656250e+02,4.996884918212890625e+01,1.843645286560058594e+01,2.243706941604614258e+00,3.128762245178222656e+00
2.980231628417968750e+02,5.438869094848632812e+01,1.848562622070312500e+01,2.119248628616333008e+00,3.132428169250488281e+00
3.131668395996093750e+02,5.715238189697265625e+01,7.850149631500244141e+00,2.027857065200805664e+00,3.130595207214355469e+00
6.920488739013671875e+01,6.142078399658203125e+00,3.671553850173950195e+00,3.165848970413208008e+00,3.128762245178222656e+00
1.019311981201171875e+02,9.046606063842773438e+00,3.928623914718627930e+00,3.001537561416625977e+00,3.128762245178222656e+00
1.312759094238281250e+02,1.073296642303466797e+01,4.975975513458251953e+00,2.874939680099487305e+00,3.125096559524536133e+00
1.664536895751953125e+02,1.360906028747558594e+01,3.398216247558593750e+00,2.744360923767089844e+00,3.121430635452270508e+00
1.986649627685546875e+02,1.624261665344238281e+01,6.550906658172607422e+00,2.602609634399414062e+00,3.115931987762451172e+00
2.387990570068359375e+02,2.077623367309570312e+01,9.423230171203613281e+00,2.431321859359741211e+00,3.123263597488403320e+00
2.664896850585937500e+02,2.271942710876464844e+01,8.084578514099121094e+00,2.299566745758056641e+00,3.125096559524536133e+00
2.899443969726562500e+02,2.725553894042968750e+01,8.835160255432128906e+00,2.157374858856201172e+00,3.126929283142089844e+00
3.081314086914062500e+02,2.842570877075195312e+01,8.252413749694824219e+00,2.015717029571533203e+00,3.125096559524536133e+00
3.198193359375000000e+02,2.950394248962402344e+01,5.474703788757324219e+00,1.904560923576354980e+00,3.125096559524536133e+00
9.126476287841796875e+01,7.621190071105957031e+00,6.706050872802734375e+00,2.868616819381713867e+00,3.121430635452270508e+00
1.252070846557617188e+02,1.023678588867187500e+01,4.755049228668212891e+00,2.773971319198608398e+00,3.128762245178222656e+00
1.592564697265625000e+02,1.329893207550048828e+01,6.609767913818359375e+00,2.647003412246704102e+00,3.126929283142089844e+00
2.078381347656250000e+02,1.735581016540527344e+01,5.200292110443115234e+00,2.508715867996215820e+00,3.121430635452270508e+00
2.548068237304687500e+02,2.261463737487792969e+01,1.195606803894042969e+01,2.315258979797363281e+00,3.123263597488403320e+00
2.995744934082031250e+02,2.816079330444335938e+01,1.548610687255859375e+01,2.086872339248657227e+00,3.126929283142089844e+00
3.162135620117187500e+02,2.861787223815917969e+01,1.239421653747558594e+01,1.995884776115417480e+00,3.119597673416137695e+00
7.466900634765625000e+01,6.365863323211669922e+00,7.174961090087890625e+00,2.886594057083129883e+00,3.121430635452270508e+00
1.170374145507812500e+02,9.773370742797851562e+00,7.620217323303222656e+00,2.759027481079101562e+00,3.125096559524536133e+00
1.415450286865234375e+02,1.157255744934082031e+01,7.260230064392089844e+00,2.686252355575561523e+00,3.123263597488403320e+00
1.749392852783203125e+02,1.430283355712890625e+01,8.640007972717285156e+00,2.583424091339111328e+00,3.125096559524536133e+00
2.178216705322265625e+02,1.780884742736816406e+01,8.770339965820312500e+00,2.471590280532836914e+00,3.121430635452270508e+00
2.539132843017578125e+02,2.120337867736816406e+01,1.803467178344726562e+01,2.337381124496459961e+00,3.121430635452270508e+00
2.918636474609375000e+02,1.876943969726562500e+01,2.209730529785156250e+01,2.148654222488403320e+00,3.121430635452270508e+00
3.117874450683593750e+02,2.168149185180664062e+01,2.097761154174804688e+01,2.016129493713378906e+00,3.121430635452270508e+00
8.389633941650390625e+01,2.621976613998413086e+00,1.185710430145263672e+01,2.860204935073852539e+00,3.082939386367797852e+00
1.159696960449218750e+02,3.422878503799438477e+00,1.205414962768554688e+01,2.768623590469360352e+00,3.086605310440063477e+00
1.536123657226562500e+02,4.267070293426513672e+00,1.256170654296875000e+01,2.656956434249877930e+00,3.084772348403930664e+00
1.807282562255859375e+02,5.334245681762695312e+00,1.418522548675537109e+01,2.557762145996093750e+00,3.086605310440063477e+00
2.193155364990234375e+02,7.997478008270263672e+00,1.373775482177734375e+01,2.413028478622436523e+00,3.086605310440063477e+00
2.543947448730468750e+02,9.276663780212402344e+00,2.031533622741699219e+01,2.289233207702636719e+00,2.998625516891479492e+00
2.819162902832031250e+02,1.028025341033935547e+01,2.455569076538085938e+01,2.210503101348876953e+00,2.998625516891479492e+00
3.031471557617187500e+02,1.210832500457763672e+01,2.439450454711914062e+01,2.080589056015014648e+00,2.998625516891479492e+00
3.200971679687500000e+02,2.449356269836425781e+01,1.939418029785156250e+01,1.934384465217590332e+00,2.998625516891479492e+00
3.303385314941406250e+02,2.470057678222656250e+01,2.541086769104003906e+01,1.858125090599060059e+00,2.998625516891479492e+00
8.003705596923828125e+01,-4.449999332427978516e+00,1.567366313934326172e+01,2.856397628784179688e+00,2.998625516891479492e+00
1.045594787597656250e+02,-5.813427925109863281e+00,1.683022689819335938e+01,2.799883842468261719e+00,2.998625516891479492e+00
1.277890625000000000e+02,-7.104974746704101562e+00,1.579210186004638672e+01,2.741055250167846680e+00,2.998625516891479492e+00
1.608778686523437500e+02,8.377094864845275879e-01,1.776739692687988281e+01,2.622641086578369141e+00,2.998625516891479492e+00
1.920217895507812500e+02,9.998794794082641602e-01,1.797830581665039062e+01,2.539502620697021484e+00,2.998625516891479492e+00
2.319674987792968750e+02,1.610519886016845703e+00,2.191232109069824219e+01,2.391940832138061523e+00,3.000458478927612305e+00
2.639124450683593750e+02,2.290407419204711914e+00,2.261079216003417969e+01,2.245015859603881836e+00,3.000458478927612305e+00
2.888462829589843750e+02,3.008193254470825195e+00,2.501268959045410156e+01,2.119588613510131836e+00,2.998625516891479492e+00
3.071866760253906250e+02,1.280374145507812500e+01,2.595146369934082031e+01,2.002671241760253906e+00,2.998625516891479492e+00
3.164710693359375000e+02,1.264051055908203125e+01,2.648124313354492188e+01,1.912202715873718262e+00,2.998625516891479492e+00
3.300817871093750000e+02,1.375802516937255859e+01,3.189803504943847656e+01,1.826438069343566895e+00,2.998625516891479492e+00
8.146616363525390625e+01,-6.802944183349609375e+00,2.225141716003417969e+01,2.925195932388305664e+00,2.998625516891479492e+00
1.233002243041992188e+02,-1.008088302612304688e+01,2.605206108093261719e+01,2.768242359161376953e+00,3.002291440963745117e+00
1.607807159423828125e+02,-1.314524459838867188e+01,2.756840896606445312e+01,2.641432523727416992e+00,3.000458478927612305e+00
1.929277954101562500e+02,-8.376826286315917969e+00,2.573041152954101562e+01,2.544797658920288086e+00,3.002291440963745117e+00
2.166010437011718750e+02,-7.519072294235229492e-01,2.579575538635253906e+01,2.459512233734130859e+00,3.002291440963745117e+00
2.465492553710937500e+02,1.070504188537597656e+01,3.285381317138671875e+01,2.312979698181152344e+00,3.002291440963745117e+00
2.730476989746093750e+02,1.233044624328613281e+01,2.995702171325683594e+01,2.214083671569824219e+00,3.002291440963745117e+00
2.945579528808593750e+02,2.048336410522460938e+01,3.185397148132324219e+01,2.107858180999755859e+00,3.002291440963745117e+00
3.130553588867187500e+02,2.176966094970703125e+01,3.285191726684570312e+01,1.989195466041564941e+00,3.002291440963745117e+00
3.242074890136718750e+02,2.197979736328125000e+01,3.047904777526855469e+01,1.908890962600708008e+00,3.002291440963745117e+00
3.318679199218750000e+02,2.192053985595703125e+01,2.880213356018066406e+01,1.855632901191711426e+00,3.002291440963745117e+00
7.989800262451171875e+01,3.052401781082153320e+00,2.801708793640136719e+01,2.589856624603271484e+00,2.996792554855346680e+00
1.013861923217773438e+02,4.225842952728271484e+00,2.610082817077636719e+01,2.624953985214233398e+00,3.000458478927612305e+00
1.284203643798828125e+02,5.575946331024169922e+00,2.674896049499511719e+01,2.581501245498657227e+00,3.002291440963745117e+00
1.488553771972656250e+02,5.945592403411865234e+00,2.753440856933593750e+01,2.533263683319091797e+00,3.002291440963745117e+00
1.686403198242187500e+02,7.029038906097412109e+00,2.386187362670898438e+01,2.514323949813842773e+00,3.002291440963745117e+00
1.888362274169921875e+02,8.199172019958496094e+00,2.993001937866210938e+01,2.487848997116088867e+00,3.002291440963745117e+00
2.099178009033203125e+02,8.749510765075683594e+00,2.877839279174804688e+01,2.472538709640502930e+00,3.002291440963745117e+00
2.349049835205078125e+02,1.101656150817871094e+01,3.596411132812500000e+01,2.395565986633300781e+00,3.002291440963745117e+00
2.664132080078125000e+02,1.342124176025390625e+01,3.888893127441406250e+01,2.259188413619995117e+00,3.002291440963745117e+00
2.833060302734375000e+02,1.427226161956787109e+01,3.765628814697265625e+01,2.180829763412475586e+00,3.002291440963745117e+00
3.023122558593750000e+02,2.154991531372070312e+01,4.207667160034179688e+01,2.074393510818481445e+00,3.002291440963745117e+00
3.150532531738281250e+02,2.190859413146972656e+01,4.047832870483398438e+01,1.998714685440063477e+00,3.002291440963745117e+00
3.258070983886718750e+02,2.379315757751464844e+01,3.825585556030273438e+01,1.914286732673645020e+00,3.002291440963745117e+00
7.663916015625000000e+01,1.064242601394653320e+00,3.033469963073730469e+01,2.610235691070556641e+00,2.994959831237792969e+00
9.601710510253906250e+01,1.333332538604736328e+00,3.014556884765625000e+01,2.624756336212158203e+00,2.994959831237792969e+00
1.195817565917968750e+02,1.660560846328735352e+00,2.786331748962402344e+01,2.618441343307495117e+00,3.002291440963745117e+00
1.517817687988281250e+02,2.634724378585815430e+00,2.925768852233886719e+01,2.539886236190795898e+00,3.002291440963745117e+00
1.753149719238281250e+02,3.043228864669799805e+00,2.923361587524414062e+01,2.477987766265869141e+00,3.002291440963745117e+00
2.052454681396484375e+02,3.919142007827758789e+00,3.105365753173828125e+01,2.376327753067016602e+00,3.002291440963745117e+00
2.271416015625000000e+02,4.337246894836425781e+00,2.796657752990722656e+01,2.344439506530761719e+00,3.002291440963745117e+00
2.477215118408203125e+02,4.730217933654785156e+00,3.043954849243164062e+01,2.277973651885986328e+00,3.002291440963745117e+00
2.706654357910156250e+02,5.168330192565917969e+00,3.428799438476562500e+01,2.187381744384765625e+00,3.002291440963745117e+00
2.918596191406250000e+02,5.573030948638916016e+00,3.658753204345703125e+01,2.093531847000122070e+00,3.002291440963745117e+00
7.340192413330078125e+01,1.156045055389404297e+01,3.422904586791992188e+01,2.730834007263183594e+00,2.994959831237792969e+00
1.009273605346679688e+02,1.589557456970214844e+01,3.389423370361328125e+01,2.708624839782714844e+00,3.000458478927612305e+00
1.231763534545898438e+02,1.939968299865722656e+01,3.413268661499023438e+01,2.663939476013183594e+00,3.000458478927612305e+00
1.406286926269531250e+02,2.214834403991699219e+01,3.408489608764648438e+01,2.622034072875976562e+00,3.000458478927612305e+00
1.610855560302734375e+02,2.594357681274414062e+01,3.441275787353515625e+01,2.564592838287353516e+00,3.002291440963745117e+00
1.833459014892578125e+02,2.952870750427246094e+01,3.723291778564453125e+01,2.486083745956420898e+00,3.002291440963745117e+00
2.077238006591796875e+02,3.345488357543945312e+01,3.879647064208984375e+01,2.399197578430175781e+00,3.002291440963745117e+00
2.300881805419921875e+02,3.705677032470703125e+01,3.728061294555664062e+01,2.328721046447753906e+00,3.002291440963745117e+00
2.487839965820312500e+02,4.051095199584960938e+01,3.788230895996093750e+01,2.254176139831542969e+00,3.002291440963745117e+00
2.704274597167968750e+02,4.355360031127929688e+01,4.070670700073242188e+01,2.155849218368530273e+00,3.002291440963745117e+00
2.857725219726562500e+02,4.602499008178710938e+01,4.152499389648437500e+01,2.090758562088012695e+00,3.002291440963745117e+00
3.018113708496093750e+02,4.807083511352539062e+01,4.385470199584960938e+01,1.999515414237976074e+00,3.002291440963745117e+00
3.135787963867187500e+02,4.938715744018554688e+01,4.284804153442382812e+01,1.927476644515991211e+00,3.002291440963745117e+00
3.217965087890625000e+02,5.125395584106445312e+01,4.485896301269531250e+01,1.851137876510620117e+00,3.002291440963745117e+00
6.683465576171875000e+01,1.740456223487854004e+00,3.946512222290039062e+01,2.792391061782836914e+00,2.991293907165527344e+00
9.402256774902343750e+01,2.611774682998657227e+00,4.170159912109375000e+01,2.737299203872680664e+00,3.000458478927612305e+00
1.122208938598632812e+02,3.702173471450805664e+00,4.067101287841796875e+01,2.713243484497070312e+00,3.000458478927612305e+00
1.333555603027343750e+02,4.862893581390380859e+00,3.992846679687500000e+01,2.669945240020751953e+00,3.002291440963745117e+00
1.526233673095703125e+02,5.565506458282470703e+00,4.221220397949218750e+01,2.604765176773071289e+00,3.002291440963745117e+00
1.742220306396484375e+02,6.655932426452636719e+00,4.199240112304687500e+01,2.545568704605102539e+00,3.002291440963745117e+00
1.955054779052734375e+02,7.808894157409667969e+00,4.351107025146484375e+01,2.475831270217895508e+00,3.002291440963745117e+00
2.195628204345703125e+02,1.526825332641601562e+01,4.131323623657226562e+01,2.405136823654174805e+00,3.002291440963745117e+00
2.484300689697265625e+02,1.597627258300781250e+01,5.027037429809570312e+01,2.267569303512573242e+00,3.002291440963745117e+00
2.671564941406250000e+02,1.578415012359619141e+01,4.896597290039062500e+01,2.192873001098632812e+00,3.002291440963745117e+00
2.831503295898437500e+02,1.722232627868652344e+01,5.031503295898437500e+01,2.110846042633056641e+00,3.002291440963745117e+00
2.956172180175781250e+02,1.695082855224609375e+01,4.859151840209960938e+01,2.046348094940185547e+00,3.002291440963745117e+00
3.071141357421875000e+02,1.814492797851562500e+01,4.699863052368164062e+01,1.973242878913879395e+00,3.002291440963745117e+00
3.176993408203125000e+02,1.821702766418457031e+01,5.024089813232421875e+01,1.924334287643432617e+00,3.000458478927612305e+00
3.294360046386718750e+02,1.889001274108886719e+01,4.371252822875976562e+01,1.854208350181579590e+00,3.002291440963745117e+00
3.354923706054687500e+02,1.923728942871093750e+01,4.977624511718750000e+01,1.780402421951293945e+00,3.002291440963745117e+00
6.769738769531250000e+01,5.061972141265869141e+00,4.472134017944335938e+01,2.562068700790405273e+00,2.991293907165527344e+00
8.703396606445312500e+01,6.811733722686767578e+00,4.371981811523437500e+01,2.615880250930786133e+00,3.002291440963745117e+00
1.059220123291015625e+02,8.475010871887207031e+00,4.304606628417968750e+01,2.621046781539916992e+00,3.000458478927612305e+00
1.244417419433593750e+02,1.017421245574951172e+01,4.255260467529296875e+01,2.597141265869140625e+00,3.002291440963745117e+00
1.511601104736328125e+02,1.235867500305175781e+01,3.992045593261718750e+01,2.558665752410888672e+00,3.002291440963745117e+00
1.832288055419921875e+02,1.498057460784912109e+01,4.299605941772460938e+01,2.458482742309570312e+00,3.002291440963745117e+00
2.053470306396484375e+02,1.786580657958984375e+01,4.524049758911132812e+01,2.383804082870483398e+00,3.002291440963745117e+00
2.296599426269531250e+02,2.038279914855957031e+01,4.418368911743164062e+01,2.304450511932373047e+00,3.002291440963745117e+00
2.452002716064453125e+02,2.778141593933105469e+01,4.772753143310546875e+01,2.229037761688232422e+00,3.002291440963745117e+00
2.600041809082031250e+02,3.864010620117187500e+01,4.898896026611328125e+01,2.155776262283325195e+00,3.002291440963745117e+00
2.747093811035156250e+02,4.131296539306640625e+01,4.687508392333984375e+01,2.100861310958862305e+00,3.002291440963745117e+00
2.917018127441406250e+02,4.335079956054687500e+01,4.901692581176757812e+01,2.051321506500244141e+00,3.002291440963745117e+00
3.035081176757812500e+02,4.510537719726562500e+01,5.860865783691406250e+01,1.980707645416259766e+00,3.002291440963745117e+00
3.165040283203125000e+02,4.703673934936523438e+01,5.307176589965820312e+01,1.905393600463867188e+00,3.002291440963745117e+00
3.245677490234375000e+02,4.823511505126953125e+01,5.381314086914062500e+01,1.856593370437622070e+00,3.002291440963745117e+00
3.291773986816406250e+02,4.833635711669921875e+01,5.324482727050781250e+01,1.803727149963378906e+00,3.002291440963745117e+00
3.308277893066406250e+02,4.857869720458984375e+01,5.999045562744140625e+01,1.763485312461853027e+00,3.002291440963745117e+00
7.882466888427734375e+01,1.241450691223144531e+01,4.659254074096679688e+01,2.405480861663818359e+00,2.996792554855346680e+00
1.010041275024414062e+02,1.626718330383300781e+01,4.486888504028320312e+01,2.457670688629150391e+00,3.000458478927612305e+00
1.350857086181640625e+02,2.151569938659667969e+01,4.559613037109375000e+01,2.446258306503295898e+00,3.002291440963745117e+00
1.688701324462890625e+02,2.629594039916992188e+01,4.542438888549804688e+01,2.390022993087768555e+00,3.000458478927612305e+00
1.955057678222656250e+02,3.079121971130371094e+01,4.559586715698242188e+01,2.368220090866088867e+00,3.000458478927612305e+00
2.265975646972656250e+02,3.609119796752929688e+01,4.862568664550781250e+01,2.289739370346069336e+00,3.002291440963745117e+00
2.522234191894531250e+02,3.972397613525390625e+01,5.309000396728515625e+01,2.204994678497314453e+00,3.002291440963745117e+00
2.781254882812500000e+02,4.281453704833984375e+01,5.405715179443359375e+01,2.110163688659667969e+00,3.002291440963745117e+00
3.006468811035156250e+02,4.574742126464843750e+01,5.606534957885742188e+01,1.999302625656127930e+00,3.002291440963745117e+00
3.162315368652343750e+02,4.643538665771484375e+01,6.181553268432617188e+01,1.894669413566589355e+00,3.002291440963745117e+00
3.304651794433593750e+02,4.793965148925781250e+01,6.471199798583984375e+01,1.768917083740234375e+00,3.002291440963745117e+00
3.349861145019531250e+02,4.918930435180664062e+01,6.940441131591796875e+01,1.687260508537292480e+00,2.998625516891479492e+00
7.037886047363281250e+01,7.850289821624755859e+00,5.452271652221679688e+01,2.425917863845825195e+00,2.993126869201660156e+00
9.044075775146484375e+01,1.072428321838378906e+01,5.432500457763671875e+01,2.497730970382690430e+00,3.000458478927612305e+00
1.117181320190429688e+02,1.344398689270019531e+01,5.225138854980468750e+01,2.522748708724975586e+00,3.002291440963745117e+00
1.287430877685546875e+02,1.936139869689941406e+01,5.093815612792968750e+01,2.511137247085571289e+00,3.002291440963745117e+00
1.532808990478515625e+02,2.605329132080078125e+01,5.233702850341796875e+01,2.461664915084838867e+00,3.000458478927612305e+00
1.745607299804687500e+02,2.998206901550292969e+01,5.449671936035156250e+01,2.406428813934326172e+00,3.002291440963745117e+00
2.071527099609375000e+02,3.595024871826171875e+01,5.404474639892578125e+01,2.319430112838745117e+00,3.000458478927612305e+00
2.281642303466796875e+02,3.918886184692382812e+01,5.536199569702148438e+01,2.244897603988647461e+00,3.002291440963745117e+00
2.486740264892578125e+02,4.315605163574218750e+01,5.297122955322265625e+01,2.174347877502441406e+00,3.002291440963745117e+00
2.665588378906250000e+02,4.673660659790039062e+01,5.502027511596679688e+01,2.091235399246215820e+00,3.002291440963745117e+00
2.859293212890625000e+02,4.911043548583984375e+01,5.895803451538085938e+01,2.009501218795776367e+00,3.002291440963745117e+00
3.043686523437500000e+02,5.336592102050781250e+01,5.957475280761718750e+01,1.930503249168395996e+00,3.002291440963745117e+00
3.261725769042968750e+02,5.777259063720703125e+01,6.400681304931640625e+01,1.804982185363769531e+00,3.002291440963745117e+00
8.241651153564453125e+01,5.156493186950683594e+00,6.307295989990234375e+01,2.302295446395874023e+00,3.049947023391723633e+00
9.644773101806640625e+01,6.538718700408935547e+00,5.835231399536132812e+01,2.333206176757812500e+00,3.049947023391723633e+00
1.158343048095703125e+02,8.661339759826660156e+00,5.943477249145507812e+01,2.280528306961059570e+00,3.049947023391723633e+00
1.444892883300781250e+02,1.080397415161132812e+01,5.935916137695312500e+01,2.298962831497192383e+00,3.051779985427856445e+00
1.696508636474609375e+02,1.209332942962646484e+01,5.847961807250976562e+01,2.278981208801269531e+00,3.049947023391723633e+00
1.919411315917968750e+02,1.334745883941650391e+01,5.932211685180664062e+01,2.231662273406982422e+00,3.051779985427856445e+00
2.124096221923828125e+02,1.477082443237304688e+01,5.581206893920898438e+01,2.195063829421997070e+00,3.049947023391723633e+00
2.371441955566406250e+02,1.649085044860839844e+01,6.138815307617187500e+01,2.171971559524536133e+00,3.051779985427856445e+00
2.580764160156250000e+02,1.839662551879882812e+01,6.085648345947265625e+01,2.151537656784057617e+00,3.048114061355590820e+00
2.739110107421875000e+02,1.952537155151367188e+01,6.835330200195312500e+01,2.093981504440307617e+00,3.049947023391723633e+00
2.936639404296875000e+02,2.144579696655273438e+01,6.626522827148437500e+01,2.028733253479003906e+00,3.051779985427856445e+00
3.129505004882812500e+02,2.285426139831542969e+01,7.908538055419921875e+01,1.898797512054443359e+00,3.049947023391723633e+00
3.248590393066406250e+02,2.429085731506347656e+01,7.590894317626953125e+01,1.817716360092163086e+00,3.053612947463989258e+00
3.322664794921875000e+02,2.484473609924316406e+01,7.615479278564453125e+01,1.751243948936462402e+00,3.053612947463989258e+00
8.047231292724609375e+01,5.876760482788085938e+00,6.666896057128906250e+01,2.340385913848876953e+00,3.042615413665771484e+00
1.030538101196289062e+02,7.705697059631347656e+00,6.394645309448242188e+01,2.433956861495971680e+00,3.051779985427856445e+00
1.271662750244140625e+02,9.730654716491699219e+00,6.035002136230468750e+01,2.448000669479370117e+00,3.049947023391723633e+00
1.545858001708984375e+02,1.155892467498779297e+01,6.048723220825195312e+01,2.416859865188598633e+00,3.049947023391723633e+00
1.814838867187500000e+02,1.325346946716308594e+01,6.026936340332031250e+01,2.366076707839965820e+00,3.049947023391723633e+00
2.078922576904296875e+02,1.518202972412109375e+01,5.962069320678710938e+01,2.301148414611816406e+00,3.051779985427856445e+00
2.325335540771484375e+02,1.698154449462890625e+01,6.167505645751953125e+01,2.220311164855957031e+00,3.049947023391723633e+00
2.577274475097656250e+02,1.882141304016113281e+01,6.200341796875000000e+01,2.138610601425170898e+00,3.051779985427856445e+00
2.849612426757812500e+02,2.130755805969238281e+01,6.719911193847656250e+01,2.020929336547851562e+00,3.051779985427856445e+00
3.060360717773437500e+02,2.288339614868164062e+01,7.290277862548828125e+01,1.900918841361999512e+00,3.049947023391723633e+00
3.197772827148437500e+02,2.391087532043457031e+01,7.228003692626953125e+01,1.824516057968139648e+00,3.055445909500122070e+00
3.284443054199218750e+02,2.570577049255371094e+01,8.156484222412109375e+01,1.731004714965820312e+00,3.053612947463989258e+00
8.874385070800781250e+01,7.255594253540039062e+00,6.449612426757812500e+01,2.286492586135864258e+00,3.049947023391723633e+00
1.164286117553710938e+02,1.074076080322265625e+01,6.567865753173828125e+01,2.330570697784423828e+00,3.053612947463989258e+00
1.518192749023437500e+02,1.320873165130615234e+01,6.393062591552734375e+01,2.338796854019165039e+00,3.053612947463989258e+00
1.850454559326171875e+02,1.545247650146484375e+01,6.467498016357421875e+01,2.284202814102172852e+00,3.051779985427856445e+00
2.144200744628906250e+02,1.903022956848144531e+01,6.453182220458984375e+01,2.226079225540161133e+00,3.051779985427856445e+00
2.338523406982421875e+02,2.075488281250000000e+01,6.695215606689453125e+01,2.164222240447998047e+00,3.051779985427856445e+00
2.553656158447265625e+02,2.266423225402832031e+01,6.404426574707031250e+01,2.116012573242187500e+00,3.049947023391723633e+00
2.761475524902343750e+02,2.450867080688476562e+01,6.886501312255859375e+01,2.025047540664672852e+00,3.051779985427856445e+00
2.947914428710937500e+02,2.719507026672363281e+01,6.932342529296875000e+01,1.939656257629394531e+00,3.051779985427856445e+00
3.100760803222656250e+02,2.751990127563476562e+01,6.841654205322265625e+01,1.857739090919494629e+00,3.055445909500122070e+00
3.182277832031250000e+02,2.713032913208007812e+01,7.913385772705078125e+01,1.793376088142395020e+00,3.055445909500122070e+00
3.256479492187500000e+02,2.605567550659179688e+01,8.619418334960937500e+01,1.736565589904785156e+00,3.051779985427856445e+00
3.344348754882812500e+02,2.500687408447265625e+01,9.823995208740234375e+01,1.614578127861022949e+00,3.053612947463989258e+00
8.682671356201171875e+01,-7.402362346649169922e+00,7.254110717773437500e+01,2.380018711090087891e+00,3.042615413665771484e+00
1.126593322753906250e+02,-9.801699638366699219e+00,7.255286407470703125e+01,2.423581838607788086e+00,3.049947023391723633e+00
1.427117919921875000e+02,-1.141862678527832031e+01,7.354221343994140625e+01,2.403098344802856445e+00,3.051779985427856445e+00
1.744666137695312500e+02,-1.395938777923583984e+01,7.197228240966796875e+01,2.367182254791259766e+00,3.053612947463989258e+00
2.050161437988281250e+02,-1.640370941162109375e+01,7.499320983886718750e+01,2.282971620559692383e+00,3.053612947463989258e+00
2.285567016601562500e+02,-1.788804435729980469e+01,7.233376312255859375e+01,2.230164766311645508e+00,3.051779985427856445e+00
2.605302429199218750e+02,-1.267156410217285156e+01,7.693892669677734375e+01,2.121317386627197266e+00,3.051779985427856445e+00
2.849952087402343750e+02,-1.386148262023925781e+01,8.129064178466796875e+01,2.011378288269042969e+00,3.053612947463989258e+00
3.063027038574218750e+02,-1.276689720153808594e+01,7.943390655517578125e+01,1.916082262992858887e+00,3.051779985427856445e+00
3.229288330078125000e+02,-1.289844703674316406e+01,8.310170745849609375e+01,1.797737121582031250e+00,3.055445909500122070e+00
8.297480010986328125e+01,-4.320593178272247314e-01,8.090634918212890625e+01,2.197886228561401367e+00,3.042615413665771484e+00
1.017164611816406250e+02,-5.296492576599121094e-01,8.073369598388671875e+01,2.281821250915527344e+00,3.051779985427856445e+00
1.269488449096679688e+02,-4.406892657279968262e-01,7.801149749755859375e+01,2.341570377349853516e+00,3.053612947463989258e+00
1.533099060058593750e+02,-1.064410567283630371e+00,7.632151794433593750e+01,2.351709365844726562e+00,3.051779985427856445e+00
1.837256164550781250e+02,-9.566803574562072754e-01,7.731518554687500000e+01,2.318405151367187500e+00,3.051779985427856445e+00
2.077308502197265625e+02,-1.081678390502929688e+00,8.160090637207031250e+01,2.260965347290039062e+00,3.053612947463989258e+00
2.326275787353515625e+02,-1.211318492889404297e+00,8.124999237060546875e+01,2.211153984069824219e+00,3.051779985427856445e+00
2.532039794921875000e+02,-1.318462252616882324e+00,8.557745361328125000e+01,2.139300823211669922e+00,3.051779985427856445e+00
2.740776367187500000e+02,-2.378627777099609375e+00,8.951773071289062500e+01,2.055286169052124023e+00,3.051779985427856445e+00
2.933203735351562500e+02,-2.545629024505615234e+00,9.052328491210937500e+01,1.973130702972412109e+00,3.051779985427856445e+00
3.080433654785156250e+02,-1.604017138481140137e+00,9.321088409423828125e+01,1.888516426086425781e+00,3.051779985427856445e+00
3.201998901367187500e+02,-1.667317509651184082e+00,9.448342132568359375e+01,1.801470041275024414e+00,3.055445909500122070e+00
3.266080322265625000e+02,-2.267596483230590820e+00,1.038468551635742188e+02,1.709715008735656738e+00,3.053612947463989258e+00
3.324295654296875000e+02,-1.730998873710632324e+00,1.050868530273437500e+02,1.645529985427856445e+00,3.051779985427856445e+00
7.542963409423828125e+01,-3.927707672119140625e-01,8.722536468505859375e+01,2.137836933135986328e+00,3.042615413665771484e+00
9.746479797363281250e+01,-6.766852736473083496e-01,8.004678344726562500e+01,2.286873817443847656e+00,3.053612947463989258e+00
1.244838867187500000e+02,-1.296438932418823242e+00,7.971093750000000000e+01,2.336186408996582031e+00,3.051779985427856445e+00
1.448013763427734375e+02,-1.256682515144348145e+00,7.726558685302734375e+01,2.353940963745117188e+00,3.049947023391723633e+00
1.766603698730468750e+02,-1.839831590652465820e+00,7.692353820800781250e+01,2.316308021545410156e+00,3.051779985427856445e+00
2.103644409179687500e+02,-2.190842866897583008e+00,7.964813232421875000e+01,2.238564252853393555e+00,3.049947023391723633e+00
2.422074737548828125e+02,-2.942923307418823242e+00,8.206991577148437500e+01,2.148704051971435547e+00,3.049947023391723633e+00
2.690528869628906250e+02,-3.269106149673461914e+00,8.752519226074218750e+01,2.046209096908569336e+00,3.049947023391723633e+00
2.926404113769531250e+02,-3.047707080841064453e+00,8.696439361572265625e+01,1.961839199066162109e+00,3.051779985427856445e+00
3.105739746093750000e+02,-3.234476327896118164e+00,9.018024444580078125e+01,1.858762502670288086e+00,3.049947023391723633e+00
3.246901245117187500e+02,-2.254280805587768555e+00,1.001128082275390625e+02,1.725654244422912598e+00,3.051779985427856445e+00
3.312735900878906250e+02,-3.450052738189697266e+00,1.143198089599609375e+02,1.607339501380920410e+00,3.053612947463989258e+00
7.822988891601562500e+01,-1.222144484519958496e+00,8.636212158203125000e+01,2.142831325531005859e+00,3.049947023391723633e+00
1.002165756225585938e+02,-1.043706655502319336e+00,8.138886260986328125e+01,2.200287342071533203e+00,3.051779985427856445e+00
1.232998809814453125e+02,-1.498145580291748047e+00,8.095259857177734375e+01,2.215342998504638672e+00,3.053612947463989258e+00
1.457493133544921875e+02,-1.517907977104187012e+00,8.019091033935546875e+01,2.226197957992553711e+00,3.049947023391723633e+00
1.722470245361328125e+02,-1.494874000549316406e+00,7.804045104980468750e+01,2.223989486694335938e+00,3.051779985427856445e+00
2.006899566650390625e+02,-3.135273456573486328e+00,8.108318328857421875e+01,2.163379669189453125e+00,3.049947023391723633e+00
2.334182281494140625e+02,-2.430936813354492188e+00,8.346617889404296875e+01,2.097679853439331055e+00,3.053612947463989258e+00
2.675770874023437500e+02,-2.322211503982543945e+00,8.725920104980468750e+01,2.002941608428955078e+00,3.053612947463989258e+00
2.962941894531250000e+02,-2.057131528854370117e+00,9.393948364257812500e+01,1.877636075019836426e+00,3.053612947463989258e+00
3.120734863281250000e+02,-2.166685104370117188e+00,9.867681884765625000e+01,1.787090182304382324e+00,3.055445909500122070e+00
3.228612976074218750e+02,-2.241583585739135742e+00,1.099230957031250000e+02,1.672757863998413086e+00,3.053612947463989258e+00
9.988208007812500000e+01,-6.934681534767150879e-01,8.696513366699218750e+01,2.141019821166992188e+00,3.048114061355590820e+00
1.259819107055664062e+02,-1.093354701995849609e+00,8.305283355712890625e+01,2.242371559143066406e+00,3.049947023391723633e+00
1.564063262939453125e+02,-8.144257068634033203e-01,8.197334289550781250e+01,2.269790887832641602e+00,3.053612947463989258e+00
1.925704650878906250e+02,-1.336991429328918457e+00,8.207524871826171875e+01,2.243198394775390625e+00,3.051779985427856445e+00
2.225228576660156250e+02,-1.544946908950805664e+00,9.320558929443359375e+01,2.146232366561889648e+00,3.053612947463989258e+00
2.530053405761718750e+02,-1.756582856178283691e+00,9.173793029785156250e+01,2.079838514328002930e+00,3.053612947463989258e+00
2.758053588867187500e+02,-2.872378110885620117e+00,9.764297485351562500e+01,1.989442944526672363e+00,3.051779985427856445e+00
2.977873840332031250e+02,-2.584396839141845703e+00,9.777121734619140625e+01,1.903067946434020996e+00,3.051779985427856445e+00
3.112550354003906250e+02,-3.241569042205810547e+00,9.895619964599609375e+01,1.831033110618591309e+00,3.053612947463989258e+00
7.299847412109375000e+01,-3.801114261150360107e-01,9.583271789550781250e+01,2.071349859237670898e+00,3.049947023391723633e+00
9.684288024902343750e+01,-1.008571267127990723e+00,9.248873901367187500e+01,2.208084583282470703e+00,3.051779985427856445e+00
1.273771438598632812e+02,-1.326570749282836914e+00,9.247519683837890625e+01,2.270223379135131836e+00,3.053612947463989258e+00
1.595792083740234375e+02,-1.938954710960388184e+00,9.028462219238281250e+01,2.282562255859375000e+00,3.051779985427856445e+00
1.933736267089843750e+02,-2.349571228027343750e+00,9.016037750244140625e+01,2.236327648162841797e+00,3.051779985427856445e+00
2.243131256103515625e+02,-2.725499391555786133e+00,9.691449737548828125e+01,2.142213344573974609e+00,3.051779985427856445e+00
2.555284729003906250e+02,-3.104779005050659180e+00,9.862156677246093750e+01,2.050498485565185547e+00,3.053612947463989258e+00
2.784338989257812500e+02,-3.383089780807495117e+00,1.004091567993164062e+02,1.966850519180297852e+00,3.051779985427856445e+00
3.004099731445312500e+02,-3.650108337402343750e+00,1.037290191650390625e+02,1.860795617103576660e+00,3.051779985427856445e+00
3.163276977539062500e+02,-4.392654895782470703e+00,1.066315994262695312e+02,1.761356949806213379e+00,3.053612947463989258e+00
3.237633361816406250e+02,-5.620089530944824219e+00,1.183925247192382812e+02,1.656401991844177246e+00,3.051779985427856445e+00
1.069042587280273438e+02,-1.298931956291198730e+00,9.372032928466796875e+01,2.095399141311645508e+00,3.046281337738037109e+00
1.356448059082031250e+02,-1.883618950843811035e+00,9.018608093261718750e+01,2.149203062057495117e+00,3.051779985427856445e+00
1.705275878906250000e+02,-1.775961518287658691e+00,9.135472106933593750e+01,2.126360893249511719e+00,3.053612947463989258e+00
2.332686767578125000e+02,-3.239263772964477539e+00,9.795810699462890625e+01,1.976655244827270508e+00,3.051779985427856445e+00
2.588256835937500000e+02,-3.144841432571411133e+00,9.589230346679687500e+01,1.897349357604980469e+00,3.053612947463989258e+00
2.796458435058593750e+02,-2.426952362060546875e+00,1.015778274536132812e+02,1.782500147819519043e+00,3.053612947463989258e+00
3.015784912109375000e+02,-1.570353746414184570e+00,1.139385986328125000e+02,1.701067686080932617e+00,3.053612947463989258e+00
1.226683654785156250e+02,1.703422784805297852e+00,9.436631774902343750e+01,2.165601491928100586e+00,3.051779985427856445e+00
1.631628112792968750e+02,1.982497096061706543e+00,9.177400970458984375e+01,2.163874387741088867e+00,3.049947023391723633e+00
1.932907104492187500e+02,1.677505135536193848e+00,9.248639678955078125e+01,2.126515626907348633e+00,3.051779985427856445e+00
2.281405334472656250e+02,1.979955077171325684e+00,9.534848022460937500e+01,2.040689229965209961e+00,3.049947023391723633e+00
2.554947662353515625e+02,2.660853385925292969e+00,1.014695358276367188e+02,1.932798624038696289e+00,3.051779985427856445e+00
2.768693237304687500e+02,2.883458852767944336e+00,1.002753829956054688e+02,1.847518920898437500e+00,3.055445909500122070e+00
2.933362731933593750e+02,4.073386669158935547e+00,1.032429428100585938e+02,1.811986327171325684e+00,3.055445909500122070e+00
3.081790771484375000e+02,4.279500007629394531e+00,1.172617034912109375e+02,1.725334286689758301e+00,3.051779985427856445e+00
1.211619033813476562e+02,1.682503461837768555e+00,1.005997009277343750e+02,2.148992538452148438e+00,3.049947023391723633e+00
1.353797302246093750e+02,2.114966392517089844e+00,9.828184509277343750e+01,2.185259103775024414e+00,3.049947023391723633e+00
1.625396881103515625e+02,2.257092237472534180e+00,1.000594787597656250e+02,2.177309274673461914e+00,3.049947023391723633e+00
1.828713378906250000e+02,2.221963882446289062e+00,1.012181320190429688e+02,2.154017686843872070e+00,3.044448375701904297e+00
2.375861816406250000e+02,1.649529576301574707e+00,1.057155532836914062e+02,2.026859998703002930e+00,3.048114061355590820e+00
2.606244201660156250e+02,2.261871814727783203e+00,1.081400299072265625e+02,1.942567348480224609e+00,3.049947023391723633e+00
2.829332580566406250e+02,2.455482721328735352e+00,1.058206787109375000e+02,1.866164803504943848e+00,3.053612947463989258e+00
2.961027832031250000e+02,3.083765983581542969e+00,1.137328872680664062e+02,1.770472168922424316e+00,3.053612947463989258e+00
3.082576599121093750e+02,2.675264596939086914e+00,1.207845916748046875e+02,1.689663052558898926e+00,3.053612947463989258e+00
3.135238952636718750e+02,2.720968484878540039e+00,1.314996185302734375e+02,1.615883827209472656e+00,3.051779985427856445e+00
9.573303985595703125e+01,-7.827022075653076172e+00,1.070448074340820312e+02,2.023860454559326172e+00,3.048114061355590820e+00
1.133817749023437500e+02,-9.269962310791015625e+00,1.053923797607421875e+02,2.101719856262207031e+00,3.055445909500122070e+00
1.416948394775390625e+02,-1.183242321014404297e+01,1.031786499023437500e+02,2.163582563400268555e+00,3.051779985427856445e+00
1.684394378662109375e+02,-1.377141284942626953e+01,1.015581893920898438e+02,2.171612739562988281e+00,3.053612947463989258e+00
1.959748687744140625e+02,-1.670772552490234375e+01,9.787921142578125000e+01,2.158485412597656250e+00,3.051779985427856445e+00
2.256780700683593750e+02,-1.805690765380859375e+01,1.027544708251953125e+02,2.080423593521118164e+00,3.053612947463989258e+00
2.582941894531250000e+02,-2.066658210754394531e+01,1.057334823608398438e+02,1.980427145957946777e+00,3.053612947463989258e+00
2.843728637695312500e+02,-2.275318336486816406e+01,1.115661163330078125e+02,1.871491789817810059e+00,3.055445909500122070e+00
3.012498474121093750e+02,-2.357739067077636719e+01,1.131316375732421875e+02,1.804032444953918457e+00,3.055445909500122070e+00
3.129451599121093750e+02,-2.340001296997070312e+01,1.241771926879882812e+02,1.698343753814697266e+00,3.051779985427856445e+00
3.191364135742187500e+02,-1.163750839233398438e+01,1.335459442138671875e+02,1.623101353645324707e+00,3.051779985427856445e+00
2.149054870605468750e+02,5.223155975341796875e+00,1.138184356689453125e+02,2.108807802200317383e+00,3.051779985427856445e+00
2.418487854003906250e+02,5.038020610809326172e+00,1.150057830810546875e+02,2.038618326187133789e+00,3.049947023391723633e+00
2.845499572753906250e+02,5.433453559875488281e+00,1.161530380249023438e+02,1.885256409645080566e+00,3.051779985427856445e+00
3.011537780761718750e+02,6.273419857025146484e+00,1.209221954345703125e+02,1.788418769836425781e+00,3.055445909500122070e+00
3.115226135253906250e+02,5.948493480682373047e+00,1.308083038330078125e+02,1.681705594062805176e+00,3.053612947463989258e+00
9.603894805908203125e+01,2.167386770248413086e+00,1.089584045410156250e+02,2.007842302322387695e+00,3.040782451629638672e+00
1.183862457275390625e+02,2.671715974807739258e+00,1.074486846923828125e+02,2.099017858505249023e+00,3.049947023391723633e+00
1.441032409667968750e+02,3.001855373382568359e+00,1.091790695190429688e+02,2.124737501144409180e+00,3.051779985427856445e+00
1.997797241210937500e+02,3.814774274826049805e+00,1.067075958251953125e+02,2.107370615005493164e+00,3.044448375701904297e+00
2.247174224853515625e+02,4.290956974029541016e+00,1.086077575683593750e+02,2.047657728195190430e+00,3.049947023391723633e+00
2.984037780761718750e+02,7.770799160003662109e+00,1.281773071289062500e+02,1.682662487030029297e+00,3.053612947463989258e+00
3.123316650390625000e+02,7.048635005950927734e+00,1.420015258789062500e+02,1.591298699378967285e+00,3.053612947463989258e+00
8.195241546630859375e+01,1.991807103157043457e+00,1.251121902465820312e+02,1.898412942886352539e+00,3.042615413665771484e+00
1.075419464111328125e+02,2.426984071731567383e+00,1.220883560180664062e+02,2.033777475357055664e+00,3.051779985427856445e+00
1.348294677734375000e+02,2.808670759201049805e+00,1.212938537597656250e+02,2.098582267761230469e+00,3.051779985427856445e+00
1.630282440185546875e+02,3.113008260726928711e+00,1.200098800659179688e+02,2.120801448822021484e+00,3.048114061355590820e+00
1.896335601806640625e+02,3.621034145355224609e+00,1.205546646118164062e+02,2.100107431411743164e+00,3.048114061355590820e+00
2.164189453125000000e+02,4.132498264312744141e+00,1.200144424438476562e+02,2.061758041381835938e+00,3.048114061355590820e+00
2.361451873779296875e+02,4.509169101715087891e+00,1.229958343505859375e+02,2.002835750579833984e+00,3.049947023391723633e+00
2.613454589843750000e+02,4.990365982055664062e+00,1.209413223266601562e+02,1.939986586570739746e+00,3.049947023391723633e+00
2.949838867187500000e+02,5.120517730712890625e+00,1.295748596191406250e+02,1.762875676155090332e+00,3.051779985427856445e+00
3.070911560058593750e+02,5.330683231353759766e+00,1.414178466796875000e+02,1.633674383163452148e+00,3.053612947463989258e+00
3.118901062011718750e+02,5.413986682891845703e+00,1.534027862548828125e+02,1.529765486717224121e+00,3.049947023391723633e+00
1.136573333740234375e+02,-7.903655529022216797e+00,1.104563598632812500e+02,1.995492696762084961e+00,3.051779985427856445e+00
1.501015625000000000e+02,-1.069978427886962891e+01,1.080924530029296875e+02,2.078590631484985352e+00,3.053612947463989258e+00
1.813494262695312500e+02,-1.261091899871826172e+01,1.056065750122070312e+02,2.078416347503662109e+00,3.053612947463989258e+00
2.044987945556640625e+02,-1.422071075439453125e+01,1.083607177734375000e+02,2.030925512313842773e+00,3.053612947463989258e+00
2.241658630371093750e+02,-1.168302917480468750e+01,1.039279479980468750e+02,2.011488437652587891e+00,3.053612947463989258e+00
2.429074096679687500e+02,-1.265979671478271484e+01,1.094223937988281250e+02,1.935322999954223633e+00,3.051779985427856445e+00
2.615017089843750000e+02,-1.362889194488525391e+01,1.121651153564453125e+02,1.859599709510803223e+00,3.053612947463989258e+00
2.788988647460937500e+02,-1.550656604766845703e+01,1.132539825439453125e+02,1.798664212226867676e+00,3.053612947463989258e+00
8.090853118896484375e+01,-4.357600212097167969e+00,1.285111694335937500e+02,1.866338372230529785e+00,3.042615413665771484e+00
1.155347747802734375e+02,-6.423645496368408203e+00,1.153850173950195312e+02,2.057083129882812500e+00,3.053612947463989258e+00
1.816743316650390625e+02,-1.010095500946044922e+01,1.122035140991210938e+02,2.098943948745727539e+00,3.053612947463989258e+00
2.096096496582031250e+02,-1.274929046630859375e+01,1.116571884155273438e+02,2.062783956527709961e+00,3.049947023391723633e+00
2.350088195800781250e+02,-1.265718746185302734e+01,1.159566574096679688e+02,1.985541701316833496e+00,3.053612947463989258e+00
2.620735778808593750e+02,-1.320262241363525391e+01,1.160273513793945312e+02,1.905775308609008789e+00,3.053612947463989258e+00
2.982690734863281250e+02,-1.450709152221679688e+01,1.332512359619140625e+02,1.690288782119750977e+00,3.053612947463989258e+00
9.353462219238281250e+01,-2.273305892944335938e+00,1.204646377563476562e+02,1.936078071594238281e+00,3.042615413665771484e+00
1.231530380249023438e+02,-2.993164777755737305e+00,1.157750701904296875e+02,2.048217296600341797e+00,3.049947023391723633e+00
1.543850860595703125e+02,-3.752242088317871094e+00,1.155934524536132812e+02,2.087247371673583984e+00,3.049947023391723633e+00
1.808112487792968750e+02,-3.766530275344848633e+00,1.148925552368164062e+02,2.084518671035766602e+00,3.053612947463989258e+00
2.070830688476562500e+02,-5.033036231994628906e+00,1.125331878662109375e+02,2.064100742340087891e+00,3.051779985427856445e+00
2.390688781738281250e+02,-4.149909496307373047e+00,1.178464660644531250e+02,1.975996375083923340e+00,3.051779985427856445e+00
2.668748779296875000e+02,-4.169245719909667969e+00,1.218180999755859375e+02,1.880735158920288086e+00,3.055445909500122070e+00
2.898423156738281250e+02,-6.541100502014160156e+00,1.344387817382812500e+02,1.750414013862609863e+00,3.051779985427856445e+00
7.230174255371093750e+01,-3.516582965850830078e+00,1.317089385986328125e+02,1.817389607429504395e+00,3.042615413665771484e+00
1.076996459960937500e+02,-5.238252162933349609e+00,1.264829711914062500e+02,1.994293093681335449e+00,3.053612947463989258e+00
1.418307647705078125e+02,-6.898307323455810547e+00,1.227588119506835938e+02,2.063851594924926758e+00,3.053612947463989258e+00
1.749122314453125000e+02,-8.507310867309570312e+00,1.211900329589843750e+02,2.077929735183715820e+00,3.053612947463989258e+00
2.073924102783203125e+02,-6.841886997222900391e+00,1.248933105468750000e+02,2.022765636444091797e+00,3.055445909500122070e+00
2.386837310791015625e+02,-5.386564254760742188e+00,1.271283645629882812e+02,1.948280811309814453e+00,3.055445909500122070e+00
2.637198181152343750e+02,-4.577816009521484375e+00,1.247113876342773438e+02,1.883828759193420410e+00,3.049947023391723633e+00
2.864028930664062500e+02,-1.491332650184631348e+00,1.363497772216796875e+02,1.736499547958374023e+00,3.051779985427856445e+00
2.978717651367187500e+02,-1.551052570343017578e+00,1.498383331298828125e+02,1.605463147163391113e+00,3.051779985427856445e+00
1.186498413085937500e+02,-1.441645622253417969e+00,1.238122634887695312e+02,1.918365001678466797e+00,3.042615413665771484e+00
1.533182067871093750e+02,-1.330597162246704102e+00,1.198078536987304688e+02,2.008035421371459961e+00,3.051779985427856445e+00
1.889673614501953125e+02,-1.311975598335266113e+00,1.210744476318359375e+02,1.996548771858215332e+00,3.051779985427856445e+00
2.215388488769531250e+02,-1.538115143775939941e+00,1.224749145507812500e+02,1.942106842994689941e+00,3.055445909500122070e+00
